{"yaw": 11.508313892322498, "pitch": -30.357146789953756}